{
  "version": "2.0",
  "service": "<p>The Amazon AppIntegrations service enables you to configure and reuse connections to external applications.</p> <p>For information about how you can use external applications with Amazon Connect, see <a href=\"https://docs.aws.amazon.com/connect/latest/adminguide/crm.html\">Set up pre-built integrations</a> in the <i>Amazon Connect Administrator Guide</i>.</p>",
  "operations": {
    "CreateEventIntegration": "<p>Creates an EventIntegration, given a specified name, description, and a reference to an Amazon EventBridge bus in your account and a partner event source that pushes events to that bus. No objects are created in the your account, only metadata that is persisted on the EventIntegration control plane.</p>",
    "DeleteEventIntegration": "<p>Deletes the specified existing event integration. If the event integration is associated with clients, the request is rejected.</p>",
    "GetEventIntegration": "<p>Return information about the event integration.</p>",
    "ListEventIntegrationAssociations": "<p>Returns a paginated list of event integration associations in the account. </p>",
    "ListEventIntegrations": "<p>Returns a paginated list of event integrations in the account.</p>",
    "ListTagsForResource": "<p>Lists the tags for the specified resource.</p>",
    "TagResource": "<p>Adds the specified tags to the specified resource.</p>",
    "UntagResource": "<p>Removes the specified tags from the specified resource.</p>",
    "UpdateEventIntegration": "<p>Updates the description of an event integration.</p>"
  },
  "shapes": {
    "AccessDeniedException": {
      "base": "<p>You do not have sufficient access to perform this action.</p>",
      "refs": {
      }
    },
    "Arn": {
      "base": null,
      "refs": {
        "CreateEventIntegrationResponse$EventIntegrationArn": "<p>The Amazon Resource Name (ARN) of the event integration. </p>",
        "EventIntegration$EventIntegrationArn": "<p>The Amazon Resource Name (ARN) of the event integration.</p>",
        "EventIntegrationAssociation$EventIntegrationAssociationArn": "<p>The Amazon Resource Name (ARN) for the event integration association.</p>",
        "GetEventIntegrationResponse$EventIntegrationArn": "<p>The Amazon Resource Name (ARN) for the event integration.</p>",
        "ListTagsForResourceRequest$resourceArn": "<p>The Amazon Resource Name (ARN) of the resource. </p>",
        "TagResourceRequest$resourceArn": "<p>The Amazon Resource Name (ARN) of the resource.</p>",
        "UntagResourceRequest$resourceArn": "<p>The Amazon Resource Name (ARN) of the resource.</p>"
      }
    },
    "ClientAssociationMetadata": {
      "base": null,
      "refs": {
        "EventIntegrationAssociation$ClientAssociationMetadata": "<p>The metadata associated with the client.</p>"
      }
    },
    "ClientId": {
      "base": null,
      "refs": {
        "EventIntegrationAssociation$ClientId": "<p>The identifier for the client that is associated with the event integration.</p>"
      }
    },
    "CreateEventIntegrationRequest": {
      "base": null,
      "refs": {
      }
    },
    "CreateEventIntegrationResponse": {
      "base": null,
      "refs": {
      }
    },
    "DeleteEventIntegrationRequest": {
      "base": null,
      "refs": {
      }
    },
    "DeleteEventIntegrationResponse": {
      "base": null,
      "refs": {
      }
    },
    "Description": {
      "base": null,
      "refs": {
        "CreateEventIntegrationRequest$Description": "<p>The description of the event integration.</p>",
        "EventIntegration$Description": "<p>The event integration description.</p>",
        "GetEventIntegrationResponse$Description": "<p>The description of the event integration.</p>",
        "UpdateEventIntegrationRequest$Description": "<p>The description of the event inegration.</p>"
      }
    },
    "DuplicateResourceException": {
      "base": "<p>A resource with the specified name already exists.</p>",
      "refs": {
      }
    },
    "EventBridgeBus": {
      "base": null,
      "refs": {
        "CreateEventIntegrationRequest$EventBridgeBus": "<p>The EventBridge bus.</p>",
        "EventIntegration$EventBridgeBus": "<p>The Amazon EventBridge bus for the event integration.</p>",
        "GetEventIntegrationResponse$EventBridgeBus": "<p>The EventBridge bus.</p>"
      }
    },
    "EventBridgeRuleName": {
      "base": null,
      "refs": {
        "EventIntegrationAssociation$EventBridgeRuleName": "<p>The name of the EventBridge rule.</p>"
      }
    },
    "EventFilter": {
      "base": "<p>The event filter.</p>",
      "refs": {
        "CreateEventIntegrationRequest$EventFilter": "<p>The event filter.</p>",
        "EventIntegration$EventFilter": "<p>The event integration filter.</p>",
        "GetEventIntegrationResponse$EventFilter": "<p>The event filter.</p>"
      }
    },
    "EventIntegration": {
      "base": "<p>The event integration.</p>",
      "refs": {
        "EventIntegrationsList$member": null
      }
    },
    "EventIntegrationAssociation": {
      "base": "<p>The event integration association.</p>",
      "refs": {
        "EventIntegrationAssociationsList$member": null
      }
    },
    "EventIntegrationAssociationsList": {
      "base": null,
      "refs": {
        "ListEventIntegrationAssociationsResponse$EventIntegrationAssociations": "<p>The event integration associations.</p>"
      }
    },
    "EventIntegrationsList": {
      "base": null,
      "refs": {
        "ListEventIntegrationsResponse$EventIntegrations": "<p>The event integrations.</p>"
      }
    },
    "GetEventIntegrationRequest": {
      "base": null,
      "refs": {
      }
    },
    "GetEventIntegrationResponse": {
      "base": null,
      "refs": {
      }
    },
    "IdempotencyToken": {
      "base": null,
      "refs": {
        "CreateEventIntegrationRequest$ClientToken": "<p>A unique, case-sensitive identifier that you provide to ensure the idempotency of the request.</p>"
      }
    },
    "InternalServiceError": {
      "base": "<p>Request processing failed due to an error or failure with the service.</p>",
      "refs": {
      }
    },
    "InvalidRequestException": {
      "base": "<p>The request is not valid.</p>",
      "refs": {
      }
    },
    "ListEventIntegrationAssociationsRequest": {
      "base": null,
      "refs": {
      }
    },
    "ListEventIntegrationAssociationsResponse": {
      "base": null,
      "refs": {
      }
    },
    "ListEventIntegrationsRequest": {
      "base": null,
      "refs": {
      }
    },
    "ListEventIntegrationsResponse": {
      "base": null,
      "refs": {
      }
    },
    "ListTagsForResourceRequest": {
      "base": null,
      "refs": {
      }
    },
    "ListTagsForResourceResponse": {
      "base": null,
      "refs": {
      }
    },
    "MaxResults": {
      "base": null,
      "refs": {
        "ListEventIntegrationAssociationsRequest$MaxResults": "<p>The maximum number of results to return per page.</p>",
        "ListEventIntegrationsRequest$MaxResults": "<p>The maximum number of results to return per page.</p>"
      }
    },
    "Message": {
      "base": null,
      "refs": {
        "AccessDeniedException$Message": null,
        "DuplicateResourceException$Message": null,
        "InternalServiceError$Message": null,
        "InvalidRequestException$Message": null,
        "ResourceNotFoundException$Message": null,
        "ResourceQuotaExceededException$Message": null,
        "ThrottlingException$Message": null
      }
    },
    "Name": {
      "base": null,
      "refs": {
        "CreateEventIntegrationRequest$Name": "<p>The name of the event integration.</p>",
        "DeleteEventIntegrationRequest$Name": "<p>The name of the event integration.</p>",
        "EventIntegration$Name": "<p>The name of the event integration.</p>",
        "EventIntegrationAssociation$EventIntegrationName": "<p>The name of the event integration.</p>",
        "GetEventIntegrationRequest$Name": "<p>The name of the event integration. </p>",
        "GetEventIntegrationResponse$Name": "<p>The name of the event integration. </p>",
        "ListEventIntegrationAssociationsRequest$EventIntegrationName": "<p>The name of the event integration. </p>",
        "UpdateEventIntegrationRequest$Name": "<p>The name of the event integration.</p>"
      }
    },
    "NextToken": {
      "base": null,
      "refs": {
        "ListEventIntegrationAssociationsRequest$NextToken": "<p>The token for the next set of results. Use the value returned in the previous response in the next request to retrieve the next set of results.</p>",
        "ListEventIntegrationAssociationsResponse$NextToken": "<p>If there are additional results, this is the token for the next set of results.</p>",
        "ListEventIntegrationsRequest$NextToken": "<p>The token for the next set of results. Use the value returned in the previous response in the next request to retrieve the next set of results.</p>",
        "ListEventIntegrationsResponse$NextToken": "<p>If there are additional results, this is the token for the next set of results.</p>"
      }
    },
    "NonBlankString": {
      "base": null,
      "refs": {
        "ClientAssociationMetadata$key": null,
        "ClientAssociationMetadata$value": null
      }
    },
    "ResourceNotFoundException": {
      "base": "<p>The specified resource was not found.</p>",
      "refs": {
      }
    },
    "ResourceQuotaExceededException": {
      "base": "<p>The allowed quota for the resource has been exceeded.</p>",
      "refs": {
      }
    },
    "Source": {
      "base": null,
      "refs": {
        "EventFilter$Source": "<p>The source of the events.</p>"
      }
    },
    "TagKey": {
      "base": null,
      "refs": {
        "TagKeyList$member": null,
        "TagMap$key": null
      }
    },
    "TagKeyList": {
      "base": null,
      "refs": {
        "UntagResourceRequest$tagKeys": "<p>The tag keys.</p>"
      }
    },
    "TagMap": {
      "base": null,
      "refs": {
        "CreateEventIntegrationRequest$Tags": "<p>One or more tags.</p>",
        "EventIntegration$Tags": "<p>The tags.</p>",
        "GetEventIntegrationResponse$Tags": "<p>One or more tags.</p>",
        "ListTagsForResourceResponse$tags": "<p>Information about the tags.</p>",
        "TagResourceRequest$tags": "<p>One or more tags. </p>"
      }
    },
    "TagResourceRequest": {
      "base": null,
      "refs": {
      }
    },
    "TagResourceResponse": {
      "base": null,
      "refs": {
      }
    },
    "TagValue": {
      "base": null,
      "refs": {
        "TagMap$value": null
      }
    },
    "ThrottlingException": {
      "base": "<p>The throttling limit has been exceeded.</p>",
      "refs": {
      }
    },
    "UUID": {
      "base": null,
      "refs": {
        "EventIntegrationAssociation$EventIntegrationAssociationId": "<p>The identifier for the event integration association.</p>"
      }
    },
    "UntagResourceRequest": {
      "base": null,
      "refs": {
      }
    },
    "UntagResourceResponse": {
      "base": null,
      "refs": {
      }
    },
    "UpdateEventIntegrationRequest": {
      "base": null,
      "refs": {
      }
    },
    "UpdateEventIntegrationResponse": {
      "base": null,
      "refs": {
      }
    }
  }
}
